,neural_b_dice,neural_f_dice,graphcut_b_dice,graphcut_f_dice
0,0.9900564606397321,0.03649531848379104,0.9946008082430082,0.00647002555436693
