,neural_b_dice,neural_f_dice,graphcut_b_dice,graphcut_f_dice
0,0.9984164958264384,0.719998756403934,0.994767327893693,0.03916127773386976
