,neural_b_dice,neural_f_dice,graphcut_b_dice,graphcut_f_dice
0,0.9985994268847641,0.806785779056019,0.9986288693775284,0.8091909421962934
