,neural_b_dice,neural_f_dice,graphcut_b_dice,graphcut_f_dice
0,0.9983211727444288,0.7097669396525511,0.9973807779968888,0.4365129251463714
