,neural_b_dice,neural_f_dice,graphcut_b_dice,graphcut_f_dice
0,0.9987749811212746,0.8089556010402514,0.9988441429540788,0.7705153851428297
