,neural_b_dice,neural_f_dice,graphcut_b_dice,graphcut_f_dice
0,0.9985756954291254,0.7876046410909828,0.9988558776774948,0.811635181665332
