,neural_b_dice,neural_f_dice,graphcut_b_dice,graphcut_f_dice
0,0.9985756954291253,0.7876046410909827,0.9986056595804824,0.7910258157140675
