,neural_b_dice,neural_f_dice,graphcut_b_dice,graphcut_f_dice
0,0.9985756954291248,0.7876046410909823,0.9985816974124053,0.7886152303759821
