,neural_b_dice,neural_f_dice,graphcut_b_dice,graphcut_f_dice
0,0.998599426884765,0.8067857790560189,0.9976929753311079,0.5091782895246719
