,neural_b_dice,neural_f_dice,graphcut_b_dice,graphcut_f_dice
0,0.9983211727444291,0.7097669396525504,0.9985144523643257,0.7339813226356605
