,neural_b_dice,neural_f_dice,graphcut_b_dice,graphcut_f_dice
0,0.9900564606397327,0.03649531848379101,0.9939014108011148,0.016577523062097803
