,neural_b_dice,neural_f_dice,graphcut_b_dice,graphcut_f_dice
0,0.9982817251638255,0.7000877454168574,0.9963583431961041,0.2190496969856274
