,neural_b_dice,neural_f_dice,graphcut_b_dice,graphcut_f_dice
0,0.9987749811212744,0.8089556010402522,0.9988951708207341,0.8034884707014976
