,neural_b_dice,neural_f_dice,graphcut_b_dice,graphcut_f_dice
0,0.9985756954291247,0.7876046410909825,0.9986341023193502,0.7951095593776212
