,neural_b_dice,neural_f_dice,graphcut_b_dice,graphcut_f_dice
0,0.9983211727444283,0.7097669396525496,0.9983828295818419,0.7169029666752843
