,neural_b_dice,neural_f_dice,graphcut_b_dice,graphcut_f_dice
0,0.9982817251638242,0.7000877454168581,0.9980961428783193,0.5806366146676053
