,neural_b_dice,neural_f_dice,graphcut_b_dice,graphcut_f_dice
0,0.9985994268847644,0.8067857790560194,0.9987549825834408,0.8208950535820593
