,neural_b_dice,neural_f_dice,graphcut_b_dice,graphcut_f_dice
0,0.9984164958264395,0.719998756403934,0.9985177639606445,0.7321187448073523
