,neural_b_dice,neural_f_dice,graphcut_b_dice,graphcut_f_dice
0,0.9985756954291252,0.7876046410909827,0.9988462715790588,0.7817604690866972
