,neural_b_dice,neural_f_dice,graphcut_b_dice,graphcut_f_dice
0,0.9985994268847642,0.8067857790560189,0.9946013081985923,0.00647121331040774
