,neural_b_dice,neural_f_dice,graphcut_b_dice,graphcut_f_dice
0,0.9985994268847649,0.8067857790560186,0.9988223163307811,0.8223478277103297
