,neural_b_dice,neural_f_dice,graphcut_b_dice,graphcut_f_dice
0,0.998652986297507,0.7999840407647039,0.9988122132648579,0.7698824433815642
