,neural_b_dice,neural_f_dice,graphcut_b_dice,graphcut_f_dice
0,0.9982817251638257,0.7000877454168576,0.9946013081985917,0.006471213310407746
