,neural_b_dice,neural_f_dice,graphcut_b_dice,graphcut_f_dice
0,0.9982817251638246,0.7000877454168574,0.9983786770724995,0.7113747153818819
