,neural_b_dice,neural_f_dice,graphcut_b_dice,graphcut_f_dice
0,0.9900564606397321,0.03649531848379105,0.9942611976475071,0.010218699268276732
