,neural_b_dice,neural_f_dice,graphcut_b_dice,graphcut_f_dice
0,0.9985994268847643,0.8067857790560186,0.9946013081985917,0.0064712133104077455
