,neural_b_dice,neural_f_dice,graphcut_b_dice,graphcut_f_dice
0,0.9900564606397319,0.03649531848379104,0.9936130757696711,0.02091205305153244
