,neural_b_dice,neural_f_dice,graphcut_b_dice,graphcut_f_dice
0,0.9900564606397322,0.03649531848379102,0.9945920060995693,0.006379125703379291
