,neural_b_dice,neural_f_dice,graphcut_b_dice,graphcut_f_dice
0,0.9984164958264395,0.7199987564039348,0.9986282281951099,0.7442029861602467
