,neural_b_dice,neural_f_dice,graphcut_b_dice,graphcut_f_dice
0,0.9982817251638241,0.7000877454168577,0.9983396918603802,0.7076728556837797
