,neural_b_dice,neural_f_dice,graphcut_b_dice,graphcut_f_dice
0,0.9982817251638243,0.7000877454168586,0.9984168484217263,0.7150127831831113
