,neural_b_dice,neural_f_dice,graphcut_b_dice,graphcut_f_dice
0,0.9982817251638246,0.7000877454168576,0.9986785428505138,0.7451903746696187
