,neural_b_dice,neural_f_dice,graphcut_b_dice,graphcut_f_dice
0,0.9982817251638242,0.7000877454168577,0.9984283948951159,0.7106976273311743
