,neural_b_dice,neural_f_dice,graphcut_b_dice,graphcut_f_dice
0,0.9985756954291255,0.7876046410909827,0.9985904736065931,0.7907996702288699
