,neural_b_dice,neural_f_dice,graphcut_b_dice,graphcut_f_dice
0,0.9983211727444288,0.70976693965255,0.9963527123657565,0.22292159121031424
