,neural_b_dice,neural_f_dice,graphcut_b_dice,graphcut_f_dice
0,0.9983211727444297,0.7097669396525501,0.9984298834385529,0.7221560640556065
