,neural_b_dice,neural_f_dice,graphcut_b_dice,graphcut_f_dice
0,0.9985994268847644,0.8067857790560189,0.9987865883001866,0.8051740203082247
