,neural_b_dice,neural_f_dice,graphcut_b_dice,graphcut_f_dice
0,0.9983211727444289,0.7097669396525502,0.9987199474765011,0.7477135787675611
