,neural_b_dice,neural_f_dice,graphcut_b_dice,graphcut_f_dice
0,0.9900564606397317,0.03649531848379105,0.9946013081985918,0.0064712133104077455
