,neural_b_dice,neural_f_dice,graphcut_b_dice,graphcut_f_dice
0,0.9984164958264399,0.7199987564039341,0.9984727563203792,0.7262175790682963
