,neural_b_dice,neural_f_dice,graphcut_b_dice,graphcut_f_dice
0,0.9984164958264398,0.7199987564039341,0.9985234029689374,0.7331769837162982
