,neural_b_dice,neural_f_dice,graphcut_b_dice,graphcut_f_dice
0,0.9900564606397324,0.03649531848379105,0.9927128179092205,0.028592715226451675
