,neural_b_dice,neural_f_dice,graphcut_b_dice,graphcut_f_dice
0,0.9985756954291249,0.7876046410909824,0.9945957607203864,0.006262178797094214
