,neural_b_dice,neural_f_dice,graphcut_b_dice,graphcut_f_dice
0,0.9985994268847642,0.8067857790560193,0.9986182781511377,0.8084990724879456
