,neural_b_dice,neural_f_dice,graphcut_b_dice,graphcut_f_dice
0,0.9900564606397325,0.036495318483791055,0.9932233689642828,0.025998761141912324
