,neural_b_dice,neural_f_dice,graphcut_b_dice,graphcut_f_dice
0,0.9986529862975071,0.7999840407647038,0.9946013081985908,0.00647121331040774
