,neural_b_dice,neural_f_dice,graphcut_b_dice,graphcut_f_dice
0,0.9987749811212746,0.8089556010402514,0.9987920140528114,0.8108068478141978
