,neural_b_dice,neural_f_dice,graphcut_b_dice,graphcut_f_dice
0,0.998652986297507,0.7999840407647039,0.9988049941830399,0.8100272651914119
