,neural_b_dice,neural_f_dice,graphcut_b_dice,graphcut_f_dice
0,0.998416495826439,0.719998756403934,0.9985991420720691,0.7371317832408185
