,neural_b_dice,neural_f_dice,graphcut_b_dice,graphcut_f_dice
0,0.9982817251638242,0.700087745416858,0.9946013081985924,0.006471213310407745
