,neural_b_dice,neural_f_dice,graphcut_b_dice,graphcut_f_dice
0,0.9983211727444291,0.7097669396525513,0.9985132656185483,0.6766428805726136
