,neural_b_dice,neural_f_dice,graphcut_b_dice,graphcut_f_dice
0,0.998321172744429,0.7097669396525506,0.9984041543623393,0.7188311575357202
