,neural_b_dice,neural_f_dice,graphcut_b_dice,graphcut_f_dice
0,0.9986529862975059,0.7999840407647041,0.9988309266070262,0.8174305971856851
