,neural_b_dice,neural_f_dice,graphcut_b_dice,graphcut_f_dice
0,0.9984164958264387,0.7199987564039343,0.9984626552989428,0.7260207752795457
