,neural_b_dice,neural_f_dice,graphcut_b_dice,graphcut_f_dice
0,0.998281725163825,0.7000877454168575,0.9986057441907692,0.7410788785007054
