,neural_b_dice,neural_f_dice,graphcut_b_dice,graphcut_f_dice
0,0.9982817251638246,0.7000877454168576,0.998522498362297,0.6760410352331763
