,neural_b_dice,neural_f_dice,graphcut_b_dice,graphcut_f_dice
0,0.9987749811212746,0.8089556010402521,0.9977825350056844,0.5165477074602236
