,neural_b_dice,neural_f_dice,graphcut_b_dice,graphcut_f_dice
0,0.9985994268847646,0.806785779056019,0.9987863544423854,0.8229008161758951
