,neural_b_dice,neural_f_dice,graphcut_b_dice,graphcut_f_dice
0,0.9983211727444293,0.7097669396525509,0.9980442759858589,0.5178304041783746
