,neural_b_dice,neural_f_dice,graphcut_b_dice,graphcut_f_dice
0,0.9985756954291248,0.7876046410909828,0.9986258435375138,0.7933437951833086
