,neural_b_dice,neural_f_dice,graphcut_b_dice,graphcut_f_dice
0,0.9986529862975063,0.7999840407647039,0.9946987418197398,0.025621216985154974
