,neural_b_dice,neural_f_dice,graphcut_b_dice,graphcut_f_dice
0,0.9986529862975075,0.7999840407647031,0.9987166135480978,0.8062717804868303
