,neural_b_dice,neural_f_dice,graphcut_b_dice,graphcut_f_dice
0,0.9987749811212747,0.808955601040252,0.9989056753923513,0.8173364663747255
