,neural_b_dice,neural_f_dice,graphcut_b_dice,graphcut_f_dice
0,0.9982817251638247,0.7000877454168577,0.9984884653682757,0.7284311640996605
