,neural_b_dice,neural_f_dice,graphcut_b_dice,graphcut_f_dice
0,0.998774981121275,0.808955601040252,0.998320014464195,0.6556412405730657
