,neural_b_dice,neural_f_dice,graphcut_b_dice,graphcut_f_dice
0,0.9986529862975063,0.7999840407647028,0.998851484390551,0.7990788974901194
