,neural_b_dice,neural_f_dice,graphcut_b_dice,graphcut_f_dice
0,0.9982817251638242,0.7000877454168575,0.9984324407766235,0.7179011477561089
