,neural_b_dice,neural_f_dice,graphcut_b_dice,graphcut_f_dice
0,0.9987105746067926,0.8115698652671243,0.9945957607203862,0.006262178797094216
