,neural_b_dice,neural_f_dice,graphcut_b_dice,graphcut_f_dice
0,0.9987105746067914,0.8115698652671244,0.9987882014000323,0.8189126355997427
