,neural_b_dice,neural_f_dice,graphcut_b_dice,graphcut_f_dice
0,0.9982817251638247,0.7000877454168578,0.998642160112436,0.7364219642443325
