,neural_b_dice,neural_f_dice,graphcut_b_dice,graphcut_f_dice
0,0.998321172744429,0.7097669396525501,0.9946013081985914,0.006471213310407746
