,neural_b_dice,neural_f_dice,graphcut_b_dice,graphcut_f_dice
0,0.9987105746067916,0.8115698652671239,0.9965673173952229,0.25330944211832906
