,neural_b_dice,neural_f_dice,graphcut_b_dice,graphcut_f_dice
0,0.9984164958264391,0.7199987564039336,0.998493502196662,0.7332996062127785
