,neural_b_dice,neural_f_dice,graphcut_b_dice,graphcut_f_dice
0,0.9984164958264393,0.7199987564039336,0.9981642411063416,0.5875579847141457
