,neural_b_dice,neural_f_dice,graphcut_b_dice,graphcut_f_dice
0,0.9987105746067921,0.8115698652671234,0.9983511631595748,0.6519201037115826
