,neural_b_dice,neural_f_dice,graphcut_b_dice,graphcut_f_dice
0,0.9987105746067925,0.8115698652671239,0.9988455379229426,0.7742368221239346
