,neural_b_dice,neural_f_dice,graphcut_b_dice,graphcut_f_dice
0,0.9987749811212743,0.8089556010402517,0.9989344380147224,0.8233929416877381
