,neural_b_dice,neural_f_dice,graphcut_b_dice,graphcut_f_dice
0,0.9984164958264391,0.7199987564039334,0.9987042395294816,0.7323556929184147
