,neural_b_dice,neural_f_dice,graphcut_b_dice,graphcut_f_dice
0,0.9982817251638242,0.7000877454168579,0.998320981820844,0.7054256312976074
