,neural_b_dice,neural_f_dice,graphcut_b_dice,graphcut_f_dice
0,0.998652986297507,0.7999840407647033,0.9986875005321956,0.8035468913738846
