,neural_b_dice,neural_f_dice,graphcut_b_dice,graphcut_f_dice
0,0.9983211727444291,0.7097669396525499,0.9984246594610187,0.7212103562135272
