,neural_b_dice,neural_f_dice,graphcut_b_dice,graphcut_f_dice
0,0.9986529862975068,0.7999840407647046,0.998685732837717,0.8032329870617677
