,neural_b_dice,neural_f_dice,graphcut_b_dice,graphcut_f_dice
0,0.9987749811212742,0.8089556010402515,0.9988617777509867,0.7943648255542587
