,neural_b_dice,neural_f_dice,graphcut_b_dice,graphcut_f_dice
0,0.9984534536942968,0.7569082450136385,0.9987042074467706,0.7759747791317807
