,neural_b_dice,neural_f_dice,graphcut_b_dice,graphcut_f_dice
0,0.9985994268847646,0.806785779056019,0.9982689302955258,0.6549127276425954
