,neural_b_dice,neural_f_dice,graphcut_b_dice,graphcut_f_dice
0,0.998652986297507,0.7999840407647038,0.9946013081985917,0.006471213310407747
