,neural_b_dice,neural_f_dice,graphcut_b_dice,graphcut_f_dice
0,0.9984164958264391,0.7199987564039338,0.9985217502375073,0.7233495210441152
