,neural_b_dice,neural_f_dice,graphcut_b_dice,graphcut_f_dice
0,0.9985756954291249,0.7876046410909825,0.9986419293999982,0.6789761301339545
