,neural_b_dice,neural_f_dice,graphcut_b_dice,graphcut_f_dice
0,0.9984164958264393,0.7199987564039333,0.9987269454392398,0.75114022324164
