,neural_b_dice,neural_f_dice,graphcut_b_dice,graphcut_f_dice
0,0.9983211727444287,0.7097669396525504,0.9980392556706332,0.5743850820242007
