,neural_b_dice,neural_f_dice,graphcut_b_dice,graphcut_f_dice
0,0.9986529862975073,0.7999840407647033,0.9986627752988515,0.8010678395480257
