,neural_b_dice,neural_f_dice,graphcut_b_dice,graphcut_f_dice
0,0.9985994268847647,0.8067857790560188,0.9946013081985914,0.0064712133104077516
