,neural_b_dice,neural_f_dice,graphcut_b_dice,graphcut_f_dice
0,0.99841649582644,0.7199987564039344,0.9986799161163681,0.7259341325828342
