,neural_b_dice,neural_f_dice,graphcut_b_dice,graphcut_f_dice
0,0.9982817251638247,0.7000877454168588,0.9974414687357976,0.4382111855523323
