,neural_b_dice,neural_f_dice,graphcut_b_dice,graphcut_f_dice
0,0.9987105746067925,0.8115698652671249,0.998623141984512,0.6453526406800792
