,neural_b_dice,neural_f_dice,graphcut_b_dice,graphcut_f_dice
0,0.9900564606397317,0.03649531848379107,0.9944006597775579,0.007912632114638506
