,neural_b_dice,neural_f_dice,graphcut_b_dice,graphcut_f_dice
0,0.998710574606792,0.8115698652671243,0.9989277533302208,0.8187879642491942
