,neural_b_dice,neural_f_dice,graphcut_b_dice,graphcut_f_dice
0,0.9986529862975072,0.7999840407647038,0.9987119725637508,0.8056496828229296
