,neural_b_dice,neural_f_dice,graphcut_b_dice,graphcut_f_dice
0,0.9900564606397314,0.03649531848379109,0.9946013081985917,0.006471213310407745
