,neural_b_dice,neural_f_dice,graphcut_b_dice,graphcut_f_dice
0,0.9900564606397322,0.03649531848379106,0.9945996402121466,0.00645959324548685
