,neural_b_dice,neural_f_dice,graphcut_b_dice,graphcut_f_dice
0,0.9985994268847646,0.8067857790560189,0.9946929655163137,0.025528393330889212
