,neural_b_dice,neural_f_dice,graphcut_b_dice,graphcut_f_dice
0,0.9986529862975071,0.7999840407647034,0.9947700785143707,0.03820528002919033
