,neural_b_dice,neural_f_dice,graphcut_b_dice,graphcut_f_dice
0,0.998575695429125,0.7876046410909827,0.994767789790372,0.0410014486484325
