,neural_b_dice,neural_f_dice,graphcut_b_dice,graphcut_f_dice
0,0.9987749811212746,0.8089556010402518,0.9987838307597078,0.8099135261776645
