,neural_b_dice,neural_f_dice,graphcut_b_dice,graphcut_f_dice
0,0.9985756954291249,0.7876046410909829,0.9946013081985924,0.006471213310407744
