,neural_b_dice,neural_f_dice,graphcut_b_dice,graphcut_f_dice
0,0.9987105746067924,0.8115698652671246,0.9987387661883576,0.8129236803348309
