,neural_b_dice,neural_f_dice,graphcut_b_dice,graphcut_f_dice
0,0.9982817251638245,0.7000877454168574,0.9946587563819184,0.013610074594696766
