,neural_b_dice,neural_f_dice,graphcut_b_dice,graphcut_f_dice
0,0.998416495826439,0.7199987564039338,0.994601308198592,0.006471213310407744
