,neural_b_dice,neural_f_dice,graphcut_b_dice,graphcut_f_dice
0,0.9987749811212743,0.8089556010402513,0.9946989198473329,0.025627129198706872
