,neural_b_dice,neural_f_dice,graphcut_b_dice,graphcut_f_dice
0,0.9987749811212742,0.8089556010402513,0.9989232796792301,0.8128266077968449
