,neural_b_dice,neural_f_dice,graphcut_b_dice,graphcut_f_dice
0,0.9985994268847643,0.8067857790560192,0.9965481586695352,0.2588937941878434
