,neural_b_dice,neural_f_dice,graphcut_b_dice,graphcut_f_dice
0,0.9984164958264385,0.7199987564039343,0.9984799312098368,0.7278549016347665
