,neural_b_dice,neural_f_dice,graphcut_b_dice,graphcut_f_dice
0,0.9984164958264391,0.7199987564039333,0.9984528441227837,0.7250659562555802
