,neural_b_dice,neural_f_dice,graphcut_b_dice,graphcut_f_dice
0,0.998575695429125,0.7876046410909829,0.9985864127846066,0.7891329257269227
