,neural_b_dice,neural_f_dice,graphcut_b_dice,graphcut_f_dice
0,0.9985994268847641,0.8067857790560192,0.9946013081985916,0.006471213310407747
