,neural_b_dice,neural_f_dice,graphcut_b_dice,graphcut_f_dice
0,0.9982817251638245,0.7000877454168576,0.9983517686421133,0.707957561415654
