,neural_b_dice,neural_f_dice,graphcut_b_dice,graphcut_f_dice
0,0.998599426884764,0.8067857790560194,0.9986942415187101,0.816159327158773
