,neural_b_dice,neural_f_dice,graphcut_b_dice,graphcut_f_dice
0,0.990056460639732,0.03649531848379106,0.9913993622508094,0.036716734489492364
