,neural_b_dice,neural_f_dice,graphcut_b_dice,graphcut_f_dice
0,0.9900564606397323,0.03649531848379102,0.9918669948162695,0.03613774974490725
