,neural_b_dice,neural_f_dice,graphcut_b_dice,graphcut_f_dice
0,0.9987749811212745,0.8089556010402514,0.9989548822506122,0.8211930392467903
