,neural_b_dice,neural_f_dice,graphcut_b_dice,graphcut_f_dice
0,0.9987749811212748,0.8089556010402514,0.9946013081985917,0.006471213310407746
