,neural_b_dice,neural_f_dice,graphcut_b_dice,graphcut_f_dice
0,0.9900564606397317,0.03649531848379103,0.9941926573385975,0.010697512339436912
