,neural_b_dice,neural_f_dice,graphcut_b_dice,graphcut_f_dice
0,0.9986529862975062,0.7999840407647036,0.9946013081985916,0.0064712133104077455
