,neural_b_dice,neural_f_dice,graphcut_b_dice,graphcut_f_dice
0,0.9983211727444289,0.7097669396525506,0.9986042267099854,0.7418793973237727
