,neural_b_dice,neural_f_dice,graphcut_b_dice,graphcut_f_dice
0,0.9983211727444292,0.7097669396525504,0.9946991670729307,0.0238261275593312
