,neural_b_dice,neural_f_dice,graphcut_b_dice,graphcut_f_dice
0,0.9900564606397327,0.03649531848379107,0.994601308198592,0.006471213310407744
