,neural_b_dice,neural_f_dice,graphcut_b_dice,graphcut_f_dice
0,0.9987749811212742,0.808955601040252,0.998807075627561,0.8113864706365375
