,neural_b_dice,neural_f_dice,graphcut_b_dice,graphcut_f_dice
0,0.9987105746067924,0.8115698652671239,0.9977858857617842,0.5125326508036285
