,neural_b_dice,neural_f_dice,graphcut_b_dice,graphcut_f_dice
0,0.9987749811212745,0.808955601040252,0.9946013081985907,0.006471213310407744
