,neural_b_dice,neural_f_dice,graphcut_b_dice,graphcut_f_dice
0,0.9987749811212748,0.808955601040252,0.9987913192419395,0.8101416419860403
