,neural_b_dice,neural_f_dice,graphcut_b_dice,graphcut_f_dice
0,0.998575695429125,0.7876046410909827,0.9946013081985916,0.006471213310407742
