,neural_b_dice,neural_f_dice,graphcut_b_dice,graphcut_f_dice
0,0.9985994268847652,0.8067857790560178,0.9945927369248588,0.006234487486262329
