,neural_b_dice,neural_f_dice,graphcut_b_dice,graphcut_f_dice
0,0.9987105746067919,0.8115698652671239,0.9987550203278077,0.8147440579643666
