,neural_b_dice,neural_f_dice,graphcut_b_dice,graphcut_f_dice
0,0.9900564606397321,0.036495318483791055,0.9946013081985916,0.006471213310407744
