,neural_b_dice,neural_f_dice,graphcut_b_dice,graphcut_f_dice
0,0.9900564606397325,0.03649531848379104,0.9945228598363154,0.00647347379432215
