,neural_b_dice,neural_f_dice,graphcut_b_dice,graphcut_f_dice
0,0.9985994268847639,0.8067857790560186,0.9986059491112242,0.8074118884066538
