,neural_b_dice,neural_f_dice,graphcut_b_dice,graphcut_f_dice
0,0.9983211727444298,0.7097669396525502,0.9984608015787635,0.7276800510010957
