,neural_b_dice,neural_f_dice,graphcut_b_dice,graphcut_f_dice
0,0.998710574606792,0.8115698652671238,0.9987338858418225,0.8136536009394069
