,neural_b_dice,neural_f_dice,graphcut_b_dice,graphcut_f_dice
0,0.9987105746067927,0.8115698652671244,0.9987592071216153,0.8154746371135243
