,neural_b_dice,neural_f_dice,graphcut_b_dice,graphcut_f_dice
0,0.9986529862975063,0.799984040764703,0.9988761865054718,0.8242824734575639
