,neural_b_dice,neural_f_dice,graphcut_b_dice,graphcut_f_dice
0,0.99841649582644,0.7199987564039342,0.9946909630204256,0.02178499697216745
