,neural_b_dice,neural_f_dice,graphcut_b_dice,graphcut_f_dice
0,0.9900564606397322,0.03649531848379105,0.993031339469246,0.025308708612847657
