,neural_b_dice,neural_f_dice,graphcut_b_dice,graphcut_f_dice
0,0.9985756954291252,0.7876046410909833,0.9986068927203767,0.7913375974566451
