,neural_b_dice,neural_f_dice,graphcut_b_dice,graphcut_f_dice
0,0.9985756954291252,0.7876046410909824,0.9983499760992605,0.6548313015576149
