,neural_b_dice,neural_f_dice,graphcut_b_dice,graphcut_f_dice
0,0.9983211727444292,0.7097669396525502,0.9947781902504467,0.04117531585553169
