,neural_b_dice,neural_f_dice,graphcut_b_dice,graphcut_f_dice
0,0.998575695429125,0.787604641090982,0.9986405536178551,0.7900055919385007
