,neural_b_dice,neural_f_dice,graphcut_b_dice,graphcut_f_dice
0,0.998652986297507,0.799984040764704,0.9988942459264967,0.8149844956302298
