,neural_b_dice,neural_f_dice,graphcut_b_dice,graphcut_f_dice
0,0.9982817251638241,0.7000877454168578,0.9983639589714813,0.7084088037027008
