,neural_b_dice,neural_f_dice,graphcut_b_dice,graphcut_f_dice
0,0.9983211727444288,0.7097669396525511,0.9983604989139893,0.7145677292009931
