,neural_b_dice,neural_f_dice,graphcut_b_dice,graphcut_f_dice
0,0.9987105746067926,0.8115698652671237,0.9988522507584503,0.8255691480537817
