,neural_b_dice,neural_f_dice,graphcut_b_dice,graphcut_f_dice
0,0.9987749811212744,0.8089556010402521,0.9946013081985924,0.006471213310407745
