,neural_b_dice,neural_f_dice,graphcut_b_dice,graphcut_f_dice
0,0.9984164958264392,0.7199987564039344,0.9984868664225683,0.7291396280921413
