,neural_b_dice,neural_f_dice,graphcut_b_dice,graphcut_f_dice
0,0.9982817251638252,0.7000877454168583,0.9983739079145765,0.7103999231374968
