,neural_b_dice,neural_f_dice,graphcut_b_dice,graphcut_f_dice
0,0.9984164958264392,0.7199987564039342,0.9975629260168851,0.4542868438432987
