,neural_b_dice,neural_f_dice,graphcut_b_dice,graphcut_f_dice
0,0.9984164958264394,0.7199987564039344,0.9987229379311724,0.7442419346514728
