,neural_b_dice,neural_f_dice,graphcut_b_dice,graphcut_f_dice
0,0.9987105746067919,0.8115698652671242,0.9989163625523407,0.8274308742143187
