,neural_b_dice,neural_f_dice,graphcut_b_dice,graphcut_f_dice
0,0.9984164958264383,0.7199987564039341,0.9984392965689179,0.7230907513951703
