,neural_b_dice,neural_f_dice,graphcut_b_dice,graphcut_f_dice
0,0.9983211727444291,0.7097669396525504,0.994601308198592,0.0064712133104077455
