,neural_b_dice,neural_f_dice,graphcut_b_dice,graphcut_f_dice
0,0.9987105746067926,0.8115698652671246,0.9989276095870936,0.8238560753935296
