,neural_b_dice,neural_f_dice,graphcut_b_dice,graphcut_f_dice
0,0.9985756954291254,0.7876046410909823,0.9988715370286417,0.7989932587956959
