,neural_b_dice,neural_f_dice,graphcut_b_dice,graphcut_f_dice
0,0.9987105746067928,0.8115698652671242,0.9948248905682625,0.04559648925890672
