,neural_b_dice,neural_f_dice,graphcut_b_dice,graphcut_f_dice
0,0.9985994268847644,0.8067857790560193,0.9986393406082897,0.8101704103649785
