,neural_b_dice,neural_f_dice,graphcut_b_dice,graphcut_f_dice
0,0.9987749811212747,0.8089556010402522,0.998799112667194,0.8110468791343775
