,neural_b_dice,neural_f_dice,graphcut_b_dice,graphcut_f_dice
0,0.998321172744429,0.7097669396525512,0.9984627951103647,0.7182630216282007
