,neural_b_dice,neural_f_dice,graphcut_b_dice,graphcut_f_dice
0,0.9987749811212744,0.8089556010402519,0.998831994300782,0.8146763923676249
