,neural_b_dice,neural_f_dice,graphcut_b_dice,graphcut_f_dice
0,0.990056460639732,0.036495318483791,0.9946000755305024,0.006467372887813312
