,neural_b_dice,neural_f_dice,graphcut_b_dice,graphcut_f_dice
0,0.9984164958264387,0.7199987564039335,0.9986439278069148,0.7469548701672968
