,neural_b_dice,neural_f_dice,graphcut_b_dice,graphcut_f_dice
0,0.998710574606792,0.811569865267124,0.9988656731268347,0.8211462214063254
