,neural_b_dice,neural_f_dice,graphcut_b_dice,graphcut_f_dice
0,0.9987749811212744,0.808955601040252,0.9988629888733337,0.8132503209472817
