,neural_b_dice,neural_f_dice,graphcut_b_dice,graphcut_f_dice
0,0.998652986297507,0.7999840407647032,0.9988761261144854,0.8032936776470943
