,neural_b_dice,neural_f_dice,graphcut_b_dice,graphcut_f_dice
0,0.9987105746067926,0.8115698652671245,0.9987240672740582,0.8124418334164947
