,neural_b_dice,neural_f_dice,graphcut_b_dice,graphcut_f_dice
0,0.9900564606397323,0.03649531848379103,0.9933733622442769,0.022299548957833537
