,neural_b_dice,neural_f_dice,graphcut_b_dice,graphcut_f_dice
0,0.9987749811212744,0.8089556010402517,0.9988764422235514,0.8191077114622869
