,neural_b_dice,neural_f_dice,graphcut_b_dice,graphcut_f_dice
0,0.9982817251638251,0.7000877454168575,0.9986373042997402,0.7215154305776819
