,neural_b_dice,neural_f_dice,graphcut_b_dice,graphcut_f_dice
0,0.9985994268847644,0.8067857790560189,0.9986480711947018,0.8117021336981978
