,neural_b_dice,neural_f_dice,graphcut_b_dice,graphcut_f_dice
0,0.9900564606397323,0.03649531848379101,0.9939852577086177,0.014160812895998135
