,neural_b_dice,neural_f_dice,graphcut_b_dice,graphcut_f_dice
0,0.9983211727444288,0.7097669396525507,0.9946013081985912,0.006471213310407751
