,neural_b_dice,neural_f_dice,graphcut_b_dice,graphcut_f_dice
0,0.9982817251638243,0.7000877454168581,0.9979951565687133,0.5051383149701397
