,neural_b_dice,neural_f_dice,graphcut_b_dice,graphcut_f_dice
0,0.9982817251638247,0.7000877454168579,0.9985378038600128,0.7254659435991324
