,neural_b_dice,neural_f_dice,graphcut_b_dice,graphcut_f_dice
0,0.9985756954291252,0.7876046410909836,0.9987026773845303,0.8015697934621169
