,neural_b_dice,neural_f_dice,graphcut_b_dice,graphcut_f_dice
0,0.9987105746067921,0.8115698652671238,0.9946013081985917,0.006471213310407742
