,neural_b_dice,neural_f_dice,graphcut_b_dice,graphcut_f_dice
0,0.9985994268847646,0.8067857790560186,0.9986120662148199,0.8080125362980903
