,neural_b_dice,neural_f_dice,graphcut_b_dice,graphcut_f_dice
0,0.9987749811212745,0.8089556010402517,0.9985996645170032,0.6192471711751384
