,neural_b_dice,neural_f_dice,graphcut_b_dice,graphcut_f_dice
0,0.9986529862975067,0.7999840407647042,0.9986710930562588,0.8019262177213574
