,neural_b_dice,neural_f_dice,graphcut_b_dice,graphcut_f_dice
0,0.998710574606792,0.8115698652671245,0.9987191661681226,0.8124140338753515
