,neural_b_dice,neural_f_dice,graphcut_b_dice,graphcut_f_dice
0,0.9987749811212745,0.8089556010402519,0.9946197522976153,0.010552788716169586
