,neural_b_dice,neural_f_dice,graphcut_b_dice,graphcut_f_dice
0,0.9986529862975065,0.7999840407647032,0.9946013081985917,0.006471213310407747
