,neural_b_dice,neural_f_dice,graphcut_b_dice,graphcut_f_dice
0,0.9986529862975067,0.7999840407647031,0.9987109713944408,0.8063974000389454
