,neural_b_dice,neural_f_dice,graphcut_b_dice,graphcut_f_dice
0,0.9985756954291245,0.7876046410909825,0.998625495031201,0.7931749111094872
