,neural_b_dice,neural_f_dice,graphcut_b_dice,graphcut_f_dice
0,0.9985994268847649,0.8067857790560193,0.9986433476445545,0.8106886448484834
