,neural_b_dice,neural_f_dice,graphcut_b_dice,graphcut_f_dice
0,0.998774981121275,0.8089556010402519,0.9965327391523797,0.25428642901637427
