,neural_b_dice,neural_f_dice,graphcut_b_dice,graphcut_f_dice
0,0.9986529862975074,0.7999840407647034,0.9946013081985916,0.00647121331040774
