,neural_b_dice,neural_f_dice,graphcut_b_dice,graphcut_f_dice
0,0.9985756954291254,0.7876046410909833,0.9985949771385398,0.7902152726907739
