,neural_b_dice,neural_f_dice,graphcut_b_dice,graphcut_f_dice
0,0.9986529862975064,0.7999840407647034,0.9983166058334009,0.6450906598533188
