,neural_b_dice,neural_f_dice,graphcut_b_dice,graphcut_f_dice
0,0.9987105746067921,0.8115698652671245,0.9987308673934131,0.8132350238305482
