,neural_b_dice,neural_f_dice,graphcut_b_dice,graphcut_f_dice
0,0.9987749811212743,0.8089556010402517,0.998819120483851,0.8126728757967101
