,neural_b_dice,neural_f_dice,graphcut_b_dice,graphcut_f_dice
0,0.9900564606397326,0.036495318483791034,0.9942853843945625,0.011907816255750197
