,neural_b_dice,neural_f_dice,graphcut_b_dice,graphcut_f_dice
0,0.9987105746067924,0.8115698652671238,0.9988872232726506,0.8025516074901509
