,neural_b_dice,neural_f_dice,graphcut_b_dice,graphcut_f_dice
0,0.9900564606397315,0.03649531848379102,0.9935220577471481,0.021633914751547467
