,neural_b_dice,neural_f_dice,graphcut_b_dice,graphcut_f_dice
0,0.9987105746067925,0.8115698652671244,0.9946013081985919,0.006471213310407751
