,neural_b_dice,neural_f_dice,graphcut_b_dice,graphcut_f_dice
0,0.9984164958264392,0.7199987564039348,0.996416519216624,0.23076981798429935
