,neural_b_dice,neural_f_dice,graphcut_b_dice,graphcut_f_dice
0,0.9982817251638251,0.7000877454168587,0.9984209663320661,0.7199035337413505
