,neural_b_dice,neural_f_dice,graphcut_b_dice,graphcut_f_dice
0,0.9986529862975071,0.799984040764704,0.9985660531590038,0.6417657298166151
