,neural_b_dice,neural_f_dice,graphcut_b_dice,graphcut_f_dice
0,0.9983211727444291,0.70976693965255,0.9946013081985913,0.006471213310407746
