,neural_b_dice,neural_f_dice,graphcut_b_dice,graphcut_f_dice
0,0.9985756954291256,0.787604641090983,0.9965771192925587,0.2596197485666363
