,neural_b_dice,neural_f_dice,graphcut_b_dice,graphcut_f_dice
0,0.9983211727444281,0.7097669396525506,0.998637823442041,0.7454819575024002
