,neural_b_dice,neural_f_dice,graphcut_b_dice,graphcut_f_dice
0,0.9985756954291254,0.7876046410909828,0.9977791218141137,0.5109855472042635
