,neural_b_dice,neural_f_dice,graphcut_b_dice,graphcut_f_dice
0,0.9983211727444287,0.7097669396525499,0.9984711644517401,0.7267226491705207
