,neural_b_dice,neural_f_dice,graphcut_b_dice,graphcut_f_dice
0,0.9984164958264389,0.7199987564039345,0.994601308198592,0.0064712133104077385
