,neural_b_dice,neural_f_dice,graphcut_b_dice,graphcut_f_dice
0,0.998281725163825,0.7000877454168579,0.998589702677916,0.7357994654307404
