,neural_b_dice,neural_f_dice,graphcut_b_dice,graphcut_f_dice
0,0.9986529862975067,0.799984040764703,0.9989192773610117,0.8233321877190288
