,neural_b_dice,neural_f_dice,graphcut_b_dice,graphcut_f_dice
0,0.9982817251638245,0.7000877454168583,0.9947353126505746,0.03254164014694141
