,neural_b_dice,neural_f_dice,graphcut_b_dice,graphcut_f_dice
0,0.9900564606397331,0.03649531848379104,0.9945760057909819,0.006315017022753974
