,neural_b_dice,neural_f_dice,graphcut_b_dice,graphcut_f_dice
0,0.9983211727444287,0.7097669396525503,0.9946013081985909,0.006471213310407742
