,neural_b_dice,neural_f_dice,graphcut_b_dice,graphcut_f_dice
0,0.9983211727444288,0.70976693965255,0.9984613031070273,0.724711203313369
