,neural_b_dice,neural_f_dice,graphcut_b_dice,graphcut_f_dice
0,0.9984164958264397,0.7199987564039333,0.9985900601485156,0.6880039116284763
