,neural_b_dice,neural_f_dice,graphcut_b_dice,graphcut_f_dice
0,0.9987105746067924,0.8115698652671243,0.9988956399517511,0.8258653159058551
