,neural_b_dice,neural_f_dice,graphcut_b_dice,graphcut_f_dice
0,0.9986529862975067,0.7999840407647036,0.9986855376678911,0.8033321908678819
