,neural_b_dice,neural_f_dice,graphcut_b_dice,graphcut_f_dice
0,0.9983211727444283,0.7097669396525501,0.9985595238554756,0.7352667232237551
