,neural_b_dice,neural_f_dice,graphcut_b_dice,graphcut_f_dice
0,0.9986529862975071,0.7999840407647032,0.9986747737610242,0.8024613583727068
