,neural_b_dice,neural_f_dice,graphcut_b_dice,graphcut_f_dice
0,0.9985994268847651,0.8067857790560193,0.9988038912612092,0.8100774563700921
