,neural_b_dice,neural_f_dice,graphcut_b_dice,graphcut_f_dice
0,0.9985994268847643,0.8067857790560188,0.9987423585083987,0.8190975439744587
