,neural_b_dice,neural_f_dice,graphcut_b_dice,graphcut_f_dice
0,0.9982817251638249,0.7000877454168575,0.9946013081985919,0.006471213310407745
