,neural_b_dice,neural_f_dice,graphcut_b_dice,graphcut_f_dice
0,0.9987749811212739,0.8089556010402521,0.998821851446005,0.813176565571678
