,neural_b_dice,neural_f_dice,graphcut_b_dice,graphcut_f_dice
0,0.9987749811212746,0.8089556010402513,0.9946013081985916,0.00647121331040774
