,neural_b_dice,neural_f_dice,graphcut_b_dice,graphcut_f_dice
0,0.9986529862975073,0.7999840407647034,0.9987422229432176,0.8027457890861318
