,neural_b_dice,neural_f_dice,graphcut_b_dice,graphcut_f_dice
0,0.9985756954291254,0.787604641090982,0.9946013081985915,0.0064712133104077455
