,neural_b_dice,neural_f_dice,graphcut_b_dice,graphcut_f_dice
0,0.9987105746067919,0.8115698652671248,0.9988036989222099,0.8113451142903506
