,neural_b_dice,neural_f_dice,graphcut_b_dice,graphcut_f_dice
0,0.9987749811212753,0.8089556010402519,0.9989281526341605,0.8203236893670861
