,neural_b_dice,neural_f_dice,graphcut_b_dice,graphcut_f_dice
0,0.9986529862975064,0.7999840407647039,0.994595397588131,0.006237158327121386
