,neural_b_dice,neural_f_dice,graphcut_b_dice,graphcut_f_dice
0,0.9983211727444287,0.7097669396525507,0.9986552210785157,0.7266687054969103
