,neural_b_dice,neural_f_dice,graphcut_b_dice,graphcut_f_dice
0,0.9987105746067916,0.8115698652671245,0.9946959341107066,0.025612963809991757
