,neural_b_dice,neural_f_dice,graphcut_b_dice,graphcut_f_dice
0,0.9984164958264395,0.7199987564039333,0.9946013081985919,0.006471213310407742
