,neural_b_dice,neural_f_dice,graphcut_b_dice,graphcut_f_dice
0,0.9986529862975068,0.7999840407647035,0.9963882702321682,0.2326096707145933
