,neural_b_dice,neural_f_dice,graphcut_b_dice,graphcut_f_dice
0,0.9985756954291257,0.7876046410909826,0.994705018236015,0.027737895589067543
