,db,df,mean
0,0.9949103356940641,0.7240779301606552,0.8594941329273597
